[
    {
        "name": "Argentina",
        "topLevelDomain": [
            ".ar"
        ],
        "alpha2Code": "AR",
        "alpha3Code": "ARG",
        "callingCodes": [
            "54"
        ],
        "capital": "Buenos Aires",
        "altSpellings": [
            "AR",
            "Argentine Republic",
            "República Argentina"
        ],
        "region": "Americas",
        "subregion": "South America",
        "population": 43590400,
        "latlng": [
            -34.0,
            -64.0
        ],
        "demonym": "Argentinean",
        "area": 2780400.0,
        "gini": 44.5,
        "timezones": [
            "UTC-03:00"
        ],
        "borders": [
            "BOL",
            "BRA",
            "CHL",
            "PRY",
            "URY"
        ],
        "nativeName": "Argentina",
        "numericCode": "032",
        "currencies": [
            {
                "code": "ARS",
                "name": "Argentine peso",
                "symbol": "$"
            }
        ],
        "languages": [
            {
                "iso639_1": "es",
                "iso639_2": "spa",
                "name": "Spanish",
                "nativeName": "Español"
            },
            {
                "iso639_1": "gn",
                "iso639_2": "grn",
                "name": "Guaraní",
                "nativeName": "Avañe'ẽ"
            }
        ],
        "translations": {
            "de": "Argentinien",
            "es": "Argentina",
            "fr": "Argentine",
            "ja": "アルゼンチン",
            "it": "Argentina",
            "br": "Argentina",
            "pt": "Argentina",
            "nl": "Argentinië",
            "hr": "Argentina",
            "fa": "آرژانتین"
        },
        "flag": "https://restcountries.eu/data/arg.svg",
        "regionalBlocs": [
            {
                "acronym": "USAN",
                "name": "Union of South American Nations",
                "otherAcronyms": [
                    "UNASUR",
                    "UNASUL",
                    "UZAN"
                ],
                "otherNames": [
                    "Unión de Naciones Suramericanas",
                    "União de Nações Sul-Americanas",
                    "Unie van Zuid-Amerikaanse Naties",
                    "South American Union"
                ]
            }
        ],
        "cioc": "ARG"
    },
    {
        "name": "Bolivia (Plurinational State of)",
        "topLevelDomain": [
            ".bo"
        ],
        "alpha2Code": "BO",
        "alpha3Code": "BOL",
        "callingCodes": [
            "591"
        ],
        "capital": "Sucre",
        "altSpellings": [
            "BO",
            "Buliwya",
            "Wuliwya",
            "Plurinational State of Bolivia",
            "Estado Plurinacional de Bolivia",
            "Buliwya Mamallaqta",
            "Wuliwya Suyu",
            "Tetã Volívia"
        ],
        "region": "Americas",
        "subregion": "South America",
        "population": 10985059,
        "latlng": [
            -17.0,
            -65.0
        ],
        "demonym": "Bolivian",
        "area": 1098581.0,
        "gini": 56.3,
        "timezones": [
            "UTC-04:00"
        ],
        "borders": [
            "ARG",
            "BRA",
            "CHL",
            "PRY",
            "PER"
        ],
        "nativeName": "Bolivia",
        "numericCode": "068",
        "currencies": [
            {
                "code": "BOB",
                "name": "Bolivian boliviano",
                "symbol": "Bs."
            }
        ],
        "languages": [
            {
                "iso639_1": "es",
                "iso639_2": "spa",
                "name": "Spanish",
                "nativeName": "Español"
            },
            {
                "iso639_1": "ay",
                "iso639_2": "aym",
                "name": "Aymara",
                "nativeName": "aymar aru"
            },
            {
                "iso639_1": "qu",
                "iso639_2": "que",
                "name": "Quechua",
                "nativeName": "Runa Simi"
            }
        ],
        "translations": {
            "de": "Bolivien",
            "es": "Bolivia",
            "fr": "Bolivie",
            "ja": "ボリビア多民族国",
            "it": "Bolivia",
            "br": "Bolívia",
            "pt": "Bolívia",
            "nl": "Bolivia",
            "hr": "Bolivija",
            "fa": "بولیوی"
        },
        "flag": "https://restcountries.eu/data/bol.svg",
        "regionalBlocs": [
            {
                "acronym": "USAN",
                "name": "Union of South American Nations",
                "otherAcronyms": [
                    "UNASUR",
                    "UNASUL",
                    "UZAN"
                ],
                "otherNames": [
                    "Unión de Naciones Suramericanas",
                    "União de Nações Sul-Americanas",
                    "Unie van Zuid-Amerikaanse Naties",
                    "South American Union"
                ]
            }
        ],
        "cioc": "BOL"
    },
    {
        "name": "Brazil",
        "topLevelDomain": [
            ".br"
        ],
        "alpha2Code": "BR",
        "alpha3Code": "BRA",
        "callingCodes": [
            "55"
        ],
        "capital": "Brasília",
        "altSpellings": [
            "BR",
            "Brasil",
            "Federative Republic of Brazil",
            "República Federativa do Brasil"
        ],
        "region": "Americas",
        "subregion": "South America",
        "population": 206135893,
        "latlng": [
            -10.0,
            -55.0
        ],
        "demonym": "Brazilian",
        "area": 8515767.0,
        "gini": 54.7,
        "timezones": [
            "UTC-05:00",
            "UTC-04:00",
            "UTC-03:00",
            "UTC-02:00"
        ],
        "borders": [
            "ARG",
            "BOL",
            "COL",
            "GUF",
            "GUY",
            "PRY",
            "PER",
            "SUR",
            "URY",
            "VEN"
        ],
        "nativeName": "Brasil",
        "numericCode": "076",
        "currencies": [
            {
                "code": "BRL",
                "name": "Brazilian real",
                "symbol": "R$"
            }
        ],
        "languages": [
            {
                "iso639_1": "pt",
                "iso639_2": "por",
                "name": "Portuguese",
                "nativeName": "Português"
            }
        ],
        "translations": {
            "de": "Brasilien",
            "es": "Brasil",
            "fr": "Brésil",
            "ja": "ブラジル",
            "it": "Brasile",
            "br": "Brasil",
            "pt": "Brasil",
            "nl": "Brazilië",
            "hr": "Brazil",
            "fa": "برزیل"
        },
        "flag": "https://restcountries.eu/data/bra.svg",
        "regionalBlocs": [
            {
                "acronym": "USAN",
                "name": "Union of South American Nations",
                "otherAcronyms": [
                    "UNASUR",
                    "UNASUL",
                    "UZAN"
                ],
                "otherNames": [
                    "Unión de Naciones Suramericanas",
                    "União de Nações Sul-Americanas",
                    "Unie van Zuid-Amerikaanse Naties",
                    "South American Union"
                ]
            }
        ],
        "cioc": "BRA"
    },
    {
        "name": "Chile",
        "topLevelDomain": [
            ".cl"
        ],
        "alpha2Code": "CL",
        "alpha3Code": "CHL",
        "callingCodes": [
            "56"
        ],
        "capital": "Santiago",
        "altSpellings": [
            "CL",
            "Republic of Chile",
            "República de Chile"
        ],
        "region": "Americas",
        "subregion": "South America",
        "population": 18191900,
        "latlng": [
            -30.0,
            -71.0
        ],
        "demonym": "Chilean",
        "area": 756102.0,
        "gini": 52.1,
        "timezones": [
            "UTC-06:00",
            "UTC-04:00"
        ],
        "borders": [
            "ARG",
            "BOL",
            "PER"
        ],
        "nativeName": "Chile",
        "numericCode": "152",
        "currencies": [
            {
                "code": "CLP",
                "name": "Chilean peso",
                "symbol": "$"
            }
        ],
        "languages": [
            {
                "iso639_1": "es",
                "iso639_2": "spa",
                "name": "Spanish",
                "nativeName": "Español"
            }
        ],
        "translations": {
            "de": "Chile",
            "es": "Chile",
            "fr": "Chili",
            "ja": "チリ",
            "it": "Cile",
            "br": "Chile",
            "pt": "Chile",
            "nl": "Chili",
            "hr": "Čile",
            "fa": "شیلی"
        },
        "flag": "https://restcountries.eu/data/chl.svg",
        "regionalBlocs": [
            {
                "acronym": "PA",
                "name": "Pacific Alliance",
                "otherAcronyms": [],
                "otherNames": [
                    "Alianza del Pacífico"
                ]
            },
            {
                "acronym": "USAN",
                "name": "Union of South American Nations",
                "otherAcronyms": [
                    "UNASUR",
                    "UNASUL",
                    "UZAN"
                ],
                "otherNames": [
                    "Unión de Naciones Suramericanas",
                    "União de Nações Sul-Americanas",
                    "Unie van Zuid-Amerikaanse Naties",
                    "South American Union"
                ]
            }
        ],
        "cioc": "CHI"
    },
    {
        "name": "Colombia",
        "topLevelDomain": [
            ".co"
        ],
        "alpha2Code": "CO",
        "alpha3Code": "COL",
        "callingCodes": [
            "57"
        ],
        "capital": "Bogotá",
        "altSpellings": [
            "CO",
            "Republic of Colombia",
            "República de Colombia"
        ],
        "region": "Americas",
        "subregion": "South America",
        "population": 48759958,
        "latlng": [
            4.0,
            -72.0
        ],
        "demonym": "Colombian",
        "area": 1141748.0,
        "gini": 55.9,
        "timezones": [
            "UTC-05:00"
        ],
        "borders": [
            "BRA",
            "ECU",
            "PAN",
            "PER",
            "VEN"
        ],
        "nativeName": "Colombia",
        "numericCode": "170",
        "currencies": [
            {
                "code": "COP",
                "name": "Colombian peso",
                "symbol": "$"
            }
        ],
        "languages": [
            {
                "iso639_1": "es",
                "iso639_2": "spa",
                "name": "Spanish",
                "nativeName": "Español"
            }
        ],
        "translations": {
            "de": "Kolumbien",
            "es": "Colombia",
            "fr": "Colombie",
            "ja": "コロンビア",
            "it": "Colombia",
            "br": "Colômbia",
            "pt": "Colômbia",
            "nl": "Colombia",
            "hr": "Kolumbija",
            "fa": "کلمبیا"
        },
        "flag": "https://restcountries.eu/data/col.svg",
        "regionalBlocs": [
            {
                "acronym": "PA",
                "name": "Pacific Alliance",
                "otherAcronyms": [],
                "otherNames": [
                    "Alianza del Pacífico"
                ]
            },
            {
                "acronym": "USAN",
                "name": "Union of South American Nations",
                "otherAcronyms": [
                    "UNASUR",
                    "UNASUL",
                    "UZAN"
                ],
                "otherNames": [
                    "Unión de Naciones Suramericanas",
                    "União de Nações Sul-Americanas",
                    "Unie van Zuid-Amerikaanse Naties",
                    "South American Union"
                ]
            }
        ],
        "cioc": "COL"
    },
    {
        "name": "Ecuador",
        "topLevelDomain": [
            ".ec"
        ],
        "alpha2Code": "EC",
        "alpha3Code": "ECU",
        "callingCodes": [
            "593"
        ],
        "capital": "Quito",
        "altSpellings": [
            "EC",
            "Republic of Ecuador",
            "República del Ecuador"
        ],
        "region": "Americas",
        "subregion": "South America",
        "population": 16545799,
        "latlng": [
            -2.0,
            -77.5
        ],
        "demonym": "Ecuadorean",
        "area": 276841.0,
        "gini": 49.3,
        "timezones": [
            "UTC-06:00",
            "UTC-05:00"
        ],
        "borders": [
            "COL",
            "PER"
        ],
        "nativeName": "Ecuador",
        "numericCode": "218",
        "currencies": [
            {
                "code": "USD",
                "name": "United States dollar",
                "symbol": "$"
            }
        ],
        "languages": [
            {
                "iso639_1": "es",
                "iso639_2": "spa",
                "name": "Spanish",
                "nativeName": "Español"
            }
        ],
        "translations": {
            "de": "Ecuador",
            "es": "Ecuador",
            "fr": "Équateur",
            "ja": "エクアドル",
            "it": "Ecuador",
            "br": "Equador",
            "pt": "Equador",
            "nl": "Ecuador",
            "hr": "Ekvador",
            "fa": "اکوادور"
        },
        "flag": "https://restcountries.eu/data/ecu.svg",
        "regionalBlocs": [
            {
                "acronym": "USAN",
                "name": "Union of South American Nations",
                "otherAcronyms": [
                    "UNASUR",
                    "UNASUL",
                    "UZAN"
                ],
                "otherNames": [
                    "Unión de Naciones Suramericanas",
                    "União de Nações Sul-Americanas",
                    "Unie van Zuid-Amerikaanse Naties",
                    "South American Union"
                ]
            }
        ],
        "cioc": "ECU"
    },
    {
        "name": "Falkland Islands (Malvinas)",
        "topLevelDomain": [
            ".fk"
        ],
        "alpha2Code": "FK",
        "alpha3Code": "FLK",
        "callingCodes": [
            "500"
        ],
        "capital": "Stanley",
        "altSpellings": [
            "FK",
            "Islas Malvinas"
        ],
        "region": "Americas",
        "subregion": "South America",
        "population": 2563,
        "latlng": [
            -51.75,
            -59.0
        ],
        "demonym": "Falkland Islander",
        "area": 12173.0,
        "gini": null,
        "timezones": [
            "UTC-04:00"
        ],
        "borders": [],
        "nativeName": "Falkland Islands",
        "numericCode": "238",
        "currencies": [
            {
                "code": "FKP",
                "name": "Falkland Islands pound",
                "symbol": "£"
            }
        ],
        "languages": [
            {
                "iso639_1": "en",
                "iso639_2": "eng",
                "name": "English",
                "nativeName": "English"
            }
        ],
        "translations": {
            "de": "Falklandinseln",
            "es": "Islas Malvinas",
            "fr": "Îles Malouines",
            "ja": "フォークランド（マルビナス）諸島",
            "it": "Isole Falkland o Isole Malvine",
            "br": "Ilhas Malvinas",
            "pt": "Ilhas Falkland",
            "nl": "Falklandeilanden [Islas Malvinas]",
            "hr": "Falklandski Otoci",
            "fa": "جزایر فالکلند"
        },
        "flag": "https://restcountries.eu/data/flk.svg",
        "regionalBlocs": [
            {
                "acronym": "USAN",
                "name": "Union of South American Nations",
                "otherAcronyms": [
                    "UNASUR",
                    "UNASUL",
                    "UZAN"
                ],
                "otherNames": [
                    "Unión de Naciones Suramericanas",
                    "União de Nações Sul-Americanas",
                    "Unie van Zuid-Amerikaanse Naties",
                    "South American Union"
                ]
            }
        ],
        "cioc": ""
    },
    {
        "name": "French Guiana",
        "topLevelDomain": [
            ".gf"
        ],
        "alpha2Code": "GF",
        "alpha3Code": "GUF",
        "callingCodes": [
            "594"
        ],
        "capital": "Cayenne",
        "altSpellings": [
            "GF",
            "Guiana",
            "Guyane"
        ],
        "region": "Americas",
        "subregion": "South America",
        "population": 254541,
        "latlng": [
            4.0,
            -53.0
        ],
        "demonym": "",
        "area": null,
        "gini": null,
        "timezones": [
            "UTC-03:00"
        ],
        "borders": [
            "BRA",
            "SUR"
        ],
        "nativeName": "Guyane française",
        "numericCode": "254",
        "currencies": [
            {
                "code": "EUR",
                "name": "Euro",
                "symbol": "€"
            }
        ],
        "languages": [
            {
                "iso639_1": "fr",
                "iso639_2": "fra",
                "name": "French",
                "nativeName": "français"
            }
        ],
        "translations": {
            "de": "Französisch Guyana",
            "es": "Guayana Francesa",
            "fr": "Guayane",
            "ja": "フランス領ギアナ",
            "it": "Guyana francese",
            "br": "Guiana Francesa",
            "pt": "Guiana Francesa",
            "nl": "Frans-Guyana",
            "hr": "Francuska Gvajana",
            "fa": "گویان فرانسه"
        },
        "flag": "https://restcountries.eu/data/guf.svg",
        "regionalBlocs": [
            {
                "acronym": "USAN",
                "name": "Union of South American Nations",
                "otherAcronyms": [
                    "UNASUR",
                    "UNASUL",
                    "UZAN"
                ],
                "otherNames": [
                    "Unión de Naciones Suramericanas",
                    "União de Nações Sul-Americanas",
                    "Unie van Zuid-Amerikaanse Naties",
                    "South American Union"
                ]
            },
            {
                "acronym": "EU",
                "name": "European Union",
                "otherAcronyms": [],
                "otherNames": []
            }
        ],
        "cioc": ""
    },
    {
        "name": "Guyana",
        "topLevelDomain": [
            ".gy"
        ],
        "alpha2Code": "GY",
        "alpha3Code": "GUY",
        "callingCodes": [
            "592"
        ],
        "capital": "Georgetown",
        "altSpellings": [
            "GY",
            "Co-operative Republic of Guyana"
        ],
        "region": "Americas",
        "subregion": "South America",
        "population": 746900,
        "latlng": [
            5.0,
            -59.0
        ],
        "demonym": "Guyanese",
        "area": 214969.0,
        "gini": 44.5,
        "timezones": [
            "UTC-04:00"
        ],
        "borders": [
            "BRA",
            "SUR",
            "VEN"
        ],
        "nativeName": "Guyana",
        "numericCode": "328",
        "currencies": [
            {
                "code": "GYD",
                "name": "Guyanese dollar",
                "symbol": "$"
            }
        ],
        "languages": [
            {
                "iso639_1": "en",
                "iso639_2": "eng",
                "name": "English",
                "nativeName": "English"
            }
        ],
        "translations": {
            "de": "Guyana",
            "es": "Guyana",
            "fr": "Guyane",
            "ja": "ガイアナ",
            "it": "Guyana",
            "br": "Guiana",
            "pt": "Guiana",
            "nl": "Guyana",
            "hr": "Gvajana",
            "fa": "گویان"
        },
        "flag": "https://restcountries.eu/data/guy.svg",
        "regionalBlocs": [
            {
                "acronym": "CARICOM",
                "name": "Caribbean Community",
                "otherAcronyms": [],
                "otherNames": [
                    "Comunidad del Caribe",
                    "Communauté Caribéenne",
                    "Caribische Gemeenschap"
                ]
            },
            {
                "acronym": "USAN",
                "name": "Union of South American Nations",
                "otherAcronyms": [
                    "UNASUR",
                    "UNASUL",
                    "UZAN"
                ],
                "otherNames": [
                    "Unión de Naciones Suramericanas",
                    "União de Nações Sul-Americanas",
                    "Unie van Zuid-Amerikaanse Naties",
                    "South American Union"
                ]
            }
        ],
        "cioc": "GUY"
    },
    {
        "name": "Paraguay",
        "topLevelDomain": [
            ".py"
        ],
        "alpha2Code": "PY",
        "alpha3Code": "PRY",
        "callingCodes": [
            "595"
        ],
        "capital": "Asunción",
        "altSpellings": [
            "PY",
            "Republic of Paraguay",
            "República del Paraguay",
            "Tetã Paraguái"
        ],
        "region": "Americas",
        "subregion": "South America",
        "population": 6854536,
        "latlng": [
            -23.0,
            -58.0
        ],
        "demonym": "Paraguayan",
        "area": 406752.0,
        "gini": 52.4,
        "timezones": [
            "UTC-04:00"
        ],
        "borders": [
            "ARG",
            "BOL",
            "BRA"
        ],
        "nativeName": "Paraguay",
        "numericCode": "600",
        "currencies": [
            {
                "code": "PYG",
                "name": "Paraguayan guaraní",
                "symbol": "₲"
            }
        ],
        "languages": [
            {
                "iso639_1": "es",
                "iso639_2": "spa",
                "name": "Spanish",
                "nativeName": "Español"
            },
            {
                "iso639_1": "gn",
                "iso639_2": "grn",
                "name": "Guaraní",
                "nativeName": "Avañe'ẽ"
            }
        ],
        "translations": {
            "de": "Paraguay",
            "es": "Paraguay",
            "fr": "Paraguay",
            "ja": "パラグアイ",
            "it": "Paraguay",
            "br": "Paraguai",
            "pt": "Paraguai",
            "nl": "Paraguay",
            "hr": "Paragvaj",
            "fa": "پاراگوئه"
        },
        "flag": "https://restcountries.eu/data/pry.svg",
        "regionalBlocs": [
            {
                "acronym": "USAN",
                "name": "Union of South American Nations",
                "otherAcronyms": [
                    "UNASUR",
                    "UNASUL",
                    "UZAN"
                ],
                "otherNames": [
                    "Unión de Naciones Suramericanas",
                    "União de Nações Sul-Americanas",
                    "Unie van Zuid-Amerikaanse Naties",
                    "South American Union"
                ]
            }
        ],
        "cioc": "PAR"
    },
    {
        "name": "Peru",
        "topLevelDomain": [
            ".pe"
        ],
        "alpha2Code": "PE",
        "alpha3Code": "PER",
        "callingCodes": [
            "51"
        ],
        "capital": "Lima",
        "altSpellings": [
            "PE",
            "Republic of Peru",
            " República del Perú"
        ],
        "region": "Americas",
        "subregion": "South America",
        "population": 31488700,
        "latlng": [
            -10.0,
            -76.0
        ],
        "demonym": "Peruvian",
        "area": 1285216.0,
        "gini": 48.1,
        "timezones": [
            "UTC-05:00"
        ],
        "borders": [
            "BOL",
            "BRA",
            "CHL",
            "COL",
            "ECU"
        ],
        "nativeName": "Perú",
        "numericCode": "604",
        "currencies": [
            {
                "code": "PEN",
                "name": "Peruvian sol",
                "symbol": "S/."
            }
        ],
        "languages": [
            {
                "iso639_1": "es",
                "iso639_2": "spa",
                "name": "Spanish",
                "nativeName": "Español"
            }
        ],
        "translations": {
            "de": "Peru",
            "es": "Perú",
            "fr": "Pérou",
            "ja": "ペルー",
            "it": "Perù",
            "br": "Peru",
            "pt": "Peru",
            "nl": "Peru",
            "hr": "Peru",
            "fa": "پرو"
        },
        "flag": "https://restcountries.eu/data/per.svg",
        "regionalBlocs": [
            {
                "acronym": "PA",
                "name": "Pacific Alliance",
                "otherAcronyms": [],
                "otherNames": [
                    "Alianza del Pacífico"
                ]
            },
            {
                "acronym": "USAN",
                "name": "Union of South American Nations",
                "otherAcronyms": [
                    "UNASUR",
                    "UNASUL",
                    "UZAN"
                ],
                "otherNames": [
                    "Unión de Naciones Suramericanas",
                    "União de Nações Sul-Americanas",
                    "Unie van Zuid-Amerikaanse Naties",
                    "South American Union"
                ]
            }
        ],
        "cioc": "PER"
    },
    {
        "name": "South Georgia and the South Sandwich Islands",
        "topLevelDomain": [
            ".gs"
        ],
        "alpha2Code": "GS",
        "alpha3Code": "SGS",
        "callingCodes": [
            "500"
        ],
        "capital": "King Edward Point",
        "altSpellings": [
            "GS",
            "South Georgia and the South Sandwich Islands"
        ],
        "region": "Americas",
        "subregion": "South America",
        "population": 30,
        "latlng": [
            -54.5,
            -37.0
        ],
        "demonym": "South Georgia and the South Sandwich Islander",
        "area": null,
        "gini": null,
        "timezones": [
            "UTC-02:00"
        ],
        "borders": [],
        "nativeName": "South Georgia",
        "numericCode": "239",
        "currencies": [
            {
                "code": "GBP",
                "name": "British pound",
                "symbol": "£"
            },
            {
                "code": "(none)",
                "name": null,
                "symbol": "£"
            }
        ],
        "languages": [
            {
                "iso639_1": "en",
                "iso639_2": "eng",
                "name": "English",
                "nativeName": "English"
            }
        ],
        "translations": {
            "de": "Südgeorgien und die Südlichen Sandwichinseln",
            "es": "Islas Georgias del Sur y Sandwich del Sur",
            "fr": "Géorgie du Sud-et-les Îles Sandwich du Sud",
            "ja": "サウスジョージア・サウスサンドウィッチ諸島",
            "it": "Georgia del Sud e Isole Sandwich Meridionali",
            "br": "Ilhas Geórgias do Sul e Sandwich do Sul",
            "pt": "Ilhas Geórgia do Sul e Sanduíche do Sul",
            "nl": "Zuid-Georgia en Zuidelijke Sandwicheilanden",
            "hr": "Južna Georgija i otočje Južni Sandwich",
            "fa": "جزایر جورجیای جنوبی و ساندویچ جنوبی"
        },
        "flag": "https://restcountries.eu/data/sgs.svg",
        "regionalBlocs": [
            {
                "acronym": "USAN",
                "name": "Union of South American Nations",
                "otherAcronyms": [
                    "UNASUR",
                    "UNASUL",
                    "UZAN"
                ],
                "otherNames": [
                    "Unión de Naciones Suramericanas",
                    "União de Nações Sul-Americanas",
                    "Unie van Zuid-Amerikaanse Naties",
                    "South American Union"
                ]
            }
        ],
        "cioc": ""
    },
    {
        "name": "Suriname",
        "topLevelDomain": [
            ".sr"
        ],
        "alpha2Code": "SR",
        "alpha3Code": "SUR",
        "callingCodes": [
            "597"
        ],
        "capital": "Paramaribo",
        "altSpellings": [
            "SR",
            "Sarnam",
            "Sranangron",
            "Republic of Suriname",
            "Republiek Suriname"
        ],
        "region": "Americas",
        "subregion": "South America",
        "population": 541638,
        "latlng": [
            4.0,
            -56.0
        ],
        "demonym": "Surinamer",
        "area": 163820.0,
        "gini": 52.9,
        "timezones": [
            "UTC-03:00"
        ],
        "borders": [
            "BRA",
            "GUF",
            "FRA",
            "GUY"
        ],
        "nativeName": "Suriname",
        "numericCode": "740",
        "currencies": [
            {
                "code": "SRD",
                "name": "Surinamese dollar",
                "symbol": "$"
            }
        ],
        "languages": [
            {
                "iso639_1": "nl",
                "iso639_2": "nld",
                "name": "Dutch",
                "nativeName": "Nederlands"
            }
        ],
        "translations": {
            "de": "Suriname",
            "es": "Surinam",
            "fr": "Surinam",
            "ja": "スリナム",
            "it": "Suriname",
            "br": "Suriname",
            "pt": "Suriname",
            "nl": "Suriname",
            "hr": "Surinam",
            "fa": "سورینام"
        },
        "flag": "https://restcountries.eu/data/sur.svg",
        "regionalBlocs": [
            {
                "acronym": "CARICOM",
                "name": "Caribbean Community",
                "otherAcronyms": [],
                "otherNames": [
                    "Comunidad del Caribe",
                    "Communauté Caribéenne",
                    "Caribische Gemeenschap"
                ]
            },
            {
                "acronym": "USAN",
                "name": "Union of South American Nations",
                "otherAcronyms": [
                    "UNASUR",
                    "UNASUL",
                    "UZAN"
                ],
                "otherNames": [
                    "Unión de Naciones Suramericanas",
                    "União de Nações Sul-Americanas",
                    "Unie van Zuid-Amerikaanse Naties",
                    "South American Union"
                ]
            }
        ],
        "cioc": "SUR"
    },
    {
        "name": "Uruguay",
        "topLevelDomain": [
            ".uy"
        ],
        "alpha2Code": "UY",
        "alpha3Code": "URY",
        "callingCodes": [
            "598"
        ],
        "capital": "Montevideo",
        "altSpellings": [
            "UY",
            "Oriental Republic of Uruguay",
            "República Oriental del Uruguay"
        ],
        "region": "Americas",
        "subregion": "South America",
        "population": 3480222,
        "latlng": [
            -33.0,
            -56.0
        ],
        "demonym": "Uruguayan",
        "area": 181034.0,
        "gini": 39.7,
        "timezones": [
            "UTC-03:00"
        ],
        "borders": [
            "ARG",
            "BRA"
        ],
        "nativeName": "Uruguay",
        "numericCode": "858",
        "currencies": [
            {
                "code": "UYU",
                "name": "Uruguayan peso",
                "symbol": "$"
            }
        ],
        "languages": [
            {
                "iso639_1": "es",
                "iso639_2": "spa",
                "name": "Spanish",
                "nativeName": "Español"
            }
        ],
        "translations": {
            "de": "Uruguay",
            "es": "Uruguay",
            "fr": "Uruguay",
            "ja": "ウルグアイ",
            "it": "Uruguay",
            "br": "Uruguai",
            "pt": "Uruguai",
            "nl": "Uruguay",
            "hr": "Urugvaj",
            "fa": "اروگوئه"
        },
        "flag": "https://restcountries.eu/data/ury.svg",
        "regionalBlocs": [
            {
                "acronym": "USAN",
                "name": "Union of South American Nations",
                "otherAcronyms": [
                    "UNASUR",
                    "UNASUL",
                    "UZAN"
                ],
                "otherNames": [
                    "Unión de Naciones Suramericanas",
                    "União de Nações Sul-Americanas",
                    "Unie van Zuid-Amerikaanse Naties",
                    "South American Union"
                ]
            }
        ],
        "cioc": "URU"
    },
    {
        "name": "Venezuela (Bolivarian Republic of)",
        "topLevelDomain": [
            ".ve"
        ],
        "alpha2Code": "VE",
        "alpha3Code": "VEN",
        "callingCodes": [
            "58"
        ],
        "capital": "Caracas",
        "altSpellings": [
            "VE",
            "Bolivarian Republic of Venezuela",
            "República Bolivariana de Venezuela"
        ],
        "region": "Americas",
        "subregion": "South America",
        "population": 31028700,
        "latlng": [
            8.0,
            -66.0
        ],
        "demonym": "Venezuelan",
        "area": 916445.0,
        "gini": 44.8,
        "timezones": [
            "UTC-04:00"
        ],
        "borders": [
            "BRA",
            "COL",
            "GUY"
        ],
        "nativeName": "Venezuela",
        "numericCode": "862",
        "currencies": [
            {
                "code": "VEF",
                "name": "Venezuelan bolívar",
                "symbol": "Bs F"
            }
        ],
        "languages": [
            {
                "iso639_1": "es",
                "iso639_2": "spa",
                "name": "Spanish",
                "nativeName": "Español"
            }
        ],
        "translations": {
            "de": "Venezuela",
            "es": "Venezuela",
            "fr": "Venezuela",
            "ja": "ベネズエラ・ボリバル共和国",
            "it": "Venezuela",
            "br": "Venezuela",
            "pt": "Venezuela",
            "nl": "Venezuela",
            "hr": "Venezuela",
            "fa": "ونزوئلا"
        },
        "flag": "https://restcountries.eu/data/ven.svg",
        "regionalBlocs": [
            {
                "acronym": "USAN",
                "name": "Union of South American Nations",
                "otherAcronyms": [
                    "UNASUR",
                    "UNASUL",
                    "UZAN"
                ],
                "otherNames": [
                    "Unión de Naciones Suramericanas",
                    "União de Nações Sul-Americanas",
                    "Unie van Zuid-Amerikaanse Naties",
                    "South American Union"
                ]
            }
        ],
        "cioc": "VEN"
    }
]