[
    {
        "capital": "Kabul",
        "region": "Asia",
        "borders": [
            "IRN",
            "PAK",
            "TKM",
            "UZB",
            "TJK",
            "CHN"
        ]
    },
    {
        "capital": "Mariehamn",
        "region": "Europe",
        "borders": []
    },
    {
        "capital": "Tirana",
        "region": "Europe",
        "borders": [
            "MNE",
            "GRC",
            "MKD",
            "KOS"
        ]
    },
    {
        "capital": "Algiers",
        "region": "Africa",
        "borders": [
            "TUN",
            "LBY",
            "NER",
            "ESH",
            "MRT",
            "MLI",
            "MAR"
        ]
    },
    {
        "capital": "Pago Pago",
        "region": "Oceania",
        "borders": []
    },
    {
        "capital": "Andorra la Vella",
        "region": "Europe",
        "borders": [
            "FRA",
            "ESP"
        ]
    },
    {
        "capital": "Luanda",
        "region": "Africa",
        "borders": [
            "COG",
            "COD",
            "ZMB",
            "NAM"
        ]
    },
    {
        "capital": "The Valley",
        "region": "Americas",
        "borders": []
    },
    {
        "capital": "",
        "region": "Polar",
        "borders": []
    },
    {
        "capital": "Saint John's",
        "region": "Americas",
        "borders": []
    },
    {
        "capital": "Buenos Aires",
        "region": "Americas",
        "borders": [
            "BOL",
            "BRA",
            "CHL",
            "PRY",
            "URY"
        ]
    },
    {
        "capital": "Yerevan",
        "region": "Asia",
        "borders": [
            "AZE",
            "GEO",
            "IRN",
            "TUR"
        ]
    },
    {
        "capital": "Oranjestad",
        "region": "Americas",
        "borders": []
    },
    {
        "capital": "Canberra",
        "region": "Oceania",
        "borders": []
    },
    {
        "capital": "Vienna",
        "region": "Europe",
        "borders": [
            "CZE",
            "DEU",
            "HUN",
            "ITA",
            "LIE",
            "SVK",
            "SVN",
            "CHE"
        ]
    },
    {
        "capital": "Baku",
        "region": "Asia",
        "borders": [
            "ARM",
            "GEO",
            "IRN",
            "RUS",
            "TUR"
        ]
    },
    {
        "capital": "Nassau",
        "region": "Americas",
        "borders": []
    },
    {
        "capital": "Manama",
        "region": "Asia",
        "borders": []
    },
    {
        "capital": "Dhaka",
        "region": "Asia",
        "borders": [
            "MMR",
            "IND"
        ]
    },
    {
        "capital": "Bridgetown",
        "region": "Americas",
        "borders": []
    },
    {
        "capital": "Minsk",
        "region": "Europe",
        "borders": [
            "LVA",
            "LTU",
            "POL",
            "RUS",
            "UKR"
        ]
    },
    {
        "capital": "Brussels",
        "region": "Europe",
        "borders": [
            "FRA",
            "DEU",
            "LUX",
            "NLD"
        ]
    },
    {
        "capital": "Belmopan",
        "region": "Americas",
        "borders": [
            "GTM",
            "MEX"
        ]
    },
    {
        "capital": "Porto-Novo",
        "region": "Africa",
        "borders": [
            "BFA",
            "NER",
            "NGA",
            "TGO"
        ]
    },
    {
        "capital": "Hamilton",
        "region": "Americas",
        "borders": []
    },
    {
        "capital": "Thimphu",
        "region": "Asia",
        "borders": [
            "CHN",
            "IND"
        ]
    },
    {
        "capital": "Sucre",
        "region": "Americas",
        "borders": [
            "ARG",
            "BRA",
            "CHL",
            "PRY",
            "PER"
        ]
    },
    {
        "capital": "Kralendijk",
        "region": "Americas",
        "borders": []
    },
    {
        "capital": "Sarajevo",
        "region": "Europe",
        "borders": [
            "HRV",
            "MNE",
            "SRB"
        ]
    },
    {
        "capital": "Gaborone",
        "region": "Africa",
        "borders": [
            "NAM",
            "ZAF",
            "ZMB",
            "ZWE"
        ]
    },
    {
        "capital": "",
        "region": "",
        "borders": []
    },
    {
        "capital": "Brasília",
        "region": "Americas",
        "borders": [
            "ARG",
            "BOL",
            "COL",
            "GUF",
            "GUY",
            "PRY",
            "PER",
            "SUR",
            "URY",
            "VEN"
        ]
    },
    {
        "capital": "Diego Garcia",
        "region": "Africa",
        "borders": []
    },
    {
        "capital": "",
        "region": "Americas",
        "borders": []
    },
    {
        "capital": "Road Town",
        "region": "Americas",
        "borders": []
    },
    {
        "capital": "Charlotte Amalie",
        "region": "Americas",
        "borders": []
    },
    {
        "capital": "Bandar Seri Begawan",
        "region": "Asia",
        "borders": [
            "MYS"
        ]
    },
    {
        "capital": "Sofia",
        "region": "Europe",
        "borders": [
            "GRC",
            "MKD",
            "ROU",
            "SRB",
            "TUR"
        ]
    },
    {
        "capital": "Ouagadougou",
        "region": "Africa",
        "borders": [
            "BEN",
            "CIV",
            "GHA",
            "MLI",
            "NER",
            "TGO"
        ]
    },
    {
        "capital": "Bujumbura",
        "region": "Africa",
        "borders": [
            "COD",
            "RWA",
            "TZA"
        ]
    },
    {
        "capital": "Phnom Penh",
        "region": "Asia",
        "borders": [
            "LAO",
            "THA",
            "VNM"
        ]
    },
    {
        "capital": "Yaoundé",
        "region": "Africa",
        "borders": [
            "CAF",
            "TCD",
            "COG",
            "GNQ",
            "GAB",
            "NGA"
        ]
    },
    {
        "capital": "Ottawa",
        "region": "Americas",
        "borders": [
            "USA"
        ]
    },
    {
        "capital": "Praia",
        "region": "Africa",
        "borders": []
    },
    {
        "capital": "George Town",
        "region": "Americas",
        "borders": []
    },
    {
        "capital": "Bangui",
        "region": "Africa",
        "borders": [
            "CMR",
            "TCD",
            "COD",
            "COG",
            "SSD",
            "SDN"
        ]
    },
    {
        "capital": "N'Djamena",
        "region": "Africa",
        "borders": [
            "CMR",
            "CAF",
            "LBY",
            "NER",
            "NGA",
            "SSD"
        ]
    },
    {
        "capital": "Santiago",
        "region": "Americas",
        "borders": [
            "ARG",
            "BOL",
            "PER"
        ]
    },
    {
        "capital": "Beijing",
        "region": "Asia",
        "borders": [
            "AFG",
            "BTN",
            "MMR",
            "HKG",
            "IND",
            "KAZ",
            "PRK",
            "KGZ",
            "LAO",
            "MAC",
            "MNG",
            "PAK",
            "RUS",
            "TJK",
            "VNM"
        ]
    },
    {
        "capital": "Flying Fish Cove",
        "region": "Oceania",
        "borders": []
    },
    {
        "capital": "West Island",
        "region": "Oceania",
        "borders": []
    },
    {
        "capital": "Bogotá",
        "region": "Americas",
        "borders": [
            "BRA",
            "ECU",
            "PAN",
            "PER",
            "VEN"
        ]
    },
    {
        "capital": "Moroni",
        "region": "Africa",
        "borders": []
    },
    {
        "capital": "Brazzaville",
        "region": "Africa",
        "borders": [
            "AGO",
            "CMR",
            "CAF",
            "COD",
            "GAB"
        ]
    },
    {
        "capital": "Kinshasa",
        "region": "Africa",
        "borders": [
            "AGO",
            "BDI",
            "CAF",
            "COG",
            "RWA",
            "SSD",
            "TZA",
            "UGA",
            "ZMB"
        ]
    },
    {
        "capital": "Avarua",
        "region": "Oceania",
        "borders": []
    },
    {
        "capital": "San José",
        "region": "Americas",
        "borders": [
            "NIC",
            "PAN"
        ]
    },
    {
        "capital": "Zagreb",
        "region": "Europe",
        "borders": [
            "BIH",
            "HUN",
            "MNE",
            "SRB",
            "SVN"
        ]
    },
    {
        "capital": "Havana",
        "region": "Americas",
        "borders": []
    },
    {
        "capital": "Willemstad",
        "region": "Americas",
        "borders": []
    },
    {
        "capital": "Nicosia",
        "region": "Europe",
        "borders": [
            "GBR"
        ]
    },
    {
        "capital": "Prague",
        "region": "Europe",
        "borders": [
            "AUT",
            "DEU",
            "POL",
            "SVK"
        ]
    },
    {
        "capital": "Copenhagen",
        "region": "Europe",
        "borders": [
            "DEU"
        ]
    },
    {
        "capital": "Djibouti",
        "region": "Africa",
        "borders": [
            "ERI",
            "ETH",
            "SOM"
        ]
    },
    {
        "capital": "Roseau",
        "region": "Americas",
        "borders": []
    },
    {
        "capital": "Santo Domingo",
        "region": "Americas",
        "borders": [
            "HTI"
        ]
    },
    {
        "capital": "Quito",
        "region": "Americas",
        "borders": [
            "COL",
            "PER"
        ]
    },
    {
        "capital": "Cairo",
        "region": "Africa",
        "borders": [
            "ISR",
            "LBY",
            "SDN"
        ]
    },
    {
        "capital": "San Salvador",
        "region": "Americas",
        "borders": [
            "GTM",
            "HND"
        ]
    },
    {
        "capital": "Malabo",
        "region": "Africa",
        "borders": [
            "CMR",
            "GAB"
        ]
    },
    {
        "capital": "Asmara",
        "region": "Africa",
        "borders": [
            "DJI",
            "ETH",
            "SDN"
        ]
    },
    {
        "capital": "Tallinn",
        "region": "Europe",
        "borders": [
            "LVA",
            "RUS"
        ]
    },
    {
        "capital": "Addis Ababa",
        "region": "Africa",
        "borders": [
            "DJI",
            "ERI",
            "KEN",
            "SOM",
            "SSD",
            "SDN"
        ]
    },
    {
        "capital": "Stanley",
        "region": "Americas",
        "borders": []
    },
    {
        "capital": "Tórshavn",
        "region": "Europe",
        "borders": []
    },
    {
        "capital": "Suva",
        "region": "Oceania",
        "borders": []
    },
    {
        "capital": "Helsinki",
        "region": "Europe",
        "borders": [
            "NOR",
            "SWE",
            "RUS"
        ]
    },
    {
        "capital": "Paris",
        "region": "Europe",
        "borders": [
            "AND",
            "BEL",
            "DEU",
            "ITA",
            "LUX",
            "MCO",
            "ESP",
            "CHE"
        ]
    },
    {
        "capital": "Cayenne",
        "region": "Americas",
        "borders": [
            "BRA",
            "SUR"
        ]
    },
    {
        "capital": "Papeetē",
        "region": "Oceania",
        "borders": []
    },
    {
        "capital": "Port-aux-Français",
        "region": "Africa",
        "borders": []
    },
    {
        "capital": "Libreville",
        "region": "Africa",
        "borders": [
            "CMR",
            "COG",
            "GNQ"
        ]
    },
    {
        "capital": "Banjul",
        "region": "Africa",
        "borders": [
            "SEN"
        ]
    },
    {
        "capital": "Tbilisi",
        "region": "Asia",
        "borders": [
            "ARM",
            "AZE",
            "RUS",
            "TUR"
        ]
    },
    {
        "capital": "Berlin",
        "region": "Europe",
        "borders": [
            "AUT",
            "BEL",
            "CZE",
            "DNK",
            "FRA",
            "LUX",
            "NLD",
            "POL",
            "CHE"
        ]
    },
    {
        "capital": "Accra",
        "region": "Africa",
        "borders": [
            "BFA",
            "CIV",
            "TGO"
        ]
    },
    {
        "capital": "Gibraltar",
        "region": "Europe",
        "borders": [
            "ESP"
        ]
    },
    {
        "capital": "Athens",
        "region": "Europe",
        "borders": [
            "ALB",
            "BGR",
            "TUR",
            "MKD"
        ]
    },
    {
        "capital": "Nuuk",
        "region": "Americas",
        "borders": []
    },
    {
        "capital": "St. George's",
        "region": "Americas",
        "borders": []
    },
    {
        "capital": "Basse-Terre",
        "region": "Americas",
        "borders": []
    },
    {
        "capital": "Hagåtña",
        "region": "Oceania",
        "borders": []
    },
    {
        "capital": "Guatemala City",
        "region": "Americas",
        "borders": [
            "BLZ",
            "SLV",
            "HND",
            "MEX"
        ]
    },
    {
        "capital": "St. Peter Port",
        "region": "Europe",
        "borders": []
    },
    {
        "capital": "Conakry",
        "region": "Africa",
        "borders": [
            "CIV",
            "GNB",
            "LBR",
            "MLI",
            "SEN",
            "SLE"
        ]
    },
    {
        "capital": "Bissau",
        "region": "Africa",
        "borders": [
            "GIN",
            "SEN"
        ]
    },
    {
        "capital": "Georgetown",
        "region": "Americas",
        "borders": [
            "BRA",
            "SUR",
            "VEN"
        ]
    },
    {
        "capital": "Port-au-Prince",
        "region": "Americas",
        "borders": [
            "DOM"
        ]
    },
    {
        "capital": "",
        "region": "",
        "borders": []
    },
    {
        "capital": "Rome",
        "region": "Europe",
        "borders": [
            "ITA"
        ]
    },
    {
        "capital": "Tegucigalpa",
        "region": "Americas",
        "borders": [
            "GTM",
            "SLV",
            "NIC"
        ]
    },
    {
        "capital": "City of Victoria",
        "region": "Asia",
        "borders": [
            "CHN"
        ]
    },
    {
        "capital": "Budapest",
        "region": "Europe",
        "borders": [
            "AUT",
            "HRV",
            "ROU",
            "SRB",
            "SVK",
            "SVN",
            "UKR"
        ]
    },
    {
        "capital": "Reykjavík",
        "region": "Europe",
        "borders": []
    },
    {
        "capital": "New Delhi",
        "region": "Asia",
        "borders": [
            "AFG",
            "BGD",
            "BTN",
            "MMR",
            "CHN",
            "NPL",
            "PAK",
            "LKA"
        ]
    },
    {
        "capital": "Jakarta",
        "region": "Asia",
        "borders": [
            "TLS",
            "MYS",
            "PNG"
        ]
    },
    {
        "capital": "Yamoussoukro",
        "region": "Africa",
        "borders": [
            "BFA",
            "GHA",
            "GIN",
            "LBR",
            "MLI"
        ]
    },
    {
        "capital": "Tehran",
        "region": "Asia",
        "borders": [
            "AFG",
            "ARM",
            "AZE",
            "IRQ",
            "PAK",
            "TUR",
            "TKM"
        ]
    },
    {
        "capital": "Baghdad",
        "region": "Asia",
        "borders": [
            "IRN",
            "JOR",
            "KWT",
            "SAU",
            "SYR",
            "TUR"
        ]
    },
    {
        "capital": "Dublin",
        "region": "Europe",
        "borders": [
            "GBR"
        ]
    },
    {
        "capital": "Douglas",
        "region": "Europe",
        "borders": []
    },
    {
        "capital": "Jerusalem",
        "region": "Asia",
        "borders": [
            "EGY",
            "JOR",
            "LBN",
            "SYR"
        ]
    },
    {
        "capital": "Rome",
        "region": "Europe",
        "borders": [
            "AUT",
            "FRA",
            "SMR",
            "SVN",
            "CHE",
            "VAT"
        ]
    },
    {
        "capital": "Kingston",
        "region": "Americas",
        "borders": []
    },
    {
        "capital": "Tokyo",
        "region": "Asia",
        "borders": []
    },
    {
        "capital": "Saint Helier",
        "region": "Europe",
        "borders": []
    },
    {
        "capital": "Amman",
        "region": "Asia",
        "borders": [
            "IRQ",
            "ISR",
            "SAU",
            "SYR"
        ]
    },
    {
        "capital": "Astana",
        "region": "Asia",
        "borders": [
            "CHN",
            "KGZ",
            "RUS",
            "TKM",
            "UZB"
        ]
    },
    {
        "capital": "Nairobi",
        "region": "Africa",
        "borders": [
            "ETH",
            "SOM",
            "SSD",
            "TZA",
            "UGA"
        ]
    },
    {
        "capital": "South Tarawa",
        "region": "Oceania",
        "borders": []
    },
    {
        "capital": "Kuwait City",
        "region": "Asia",
        "borders": [
            "IRN",
            "SAU"
        ]
    },
    {
        "capital": "Bishkek",
        "region": "Asia",
        "borders": [
            "CHN",
            "KAZ",
            "TJK",
            "UZB"
        ]
    },
    {
        "capital": "Vientiane",
        "region": "Asia",
        "borders": [
            "MMR",
            "KHM",
            "CHN",
            "THA",
            "VNM"
        ]
    },
    {
        "capital": "Riga",
        "region": "Europe",
        "borders": [
            "BLR",
            "EST",
            "LTU",
            "RUS"
        ]
    },
    {
        "capital": "Beirut",
        "region": "Asia",
        "borders": [
            "ISR",
            "SYR"
        ]
    },
    {
        "capital": "Maseru",
        "region": "Africa",
        "borders": [
            "ZAF"
        ]
    },
    {
        "capital": "Monrovia",
        "region": "Africa",
        "borders": [
            "GIN",
            "CIV",
            "SLE"
        ]
    },
    {
        "capital": "Tripoli",
        "region": "Africa",
        "borders": [
            "DZA",
            "TCD",
            "EGY",
            "NER",
            "SDN",
            "TUN"
        ]
    },
    {
        "capital": "Vaduz",
        "region": "Europe",
        "borders": [
            "AUT",
            "CHE"
        ]
    },
    {
        "capital": "Vilnius",
        "region": "Europe",
        "borders": [
            "BLR",
            "LVA",
            "POL",
            "RUS"
        ]
    },
    {
        "capital": "Luxembourg",
        "region": "Europe",
        "borders": [
            "BEL",
            "FRA",
            "DEU"
        ]
    },
    {
        "capital": "",
        "region": "Asia",
        "borders": [
            "CHN"
        ]
    },
    {
        "capital": "Skopje",
        "region": "Europe",
        "borders": [
            "ALB",
            "BGR",
            "GRC",
            "KOS",
            "SRB"
        ]
    },
    {
        "capital": "Antananarivo",
        "region": "Africa",
        "borders": []
    },
    {
        "capital": "Lilongwe",
        "region": "Africa",
        "borders": [
            "MOZ",
            "TZA",
            "ZMB"
        ]
    },
    {
        "capital": "Kuala Lumpur",
        "region": "Asia",
        "borders": [
            "BRN",
            "IDN",
            "THA"
        ]
    },
    {
        "capital": "Malé",
        "region": "Asia",
        "borders": []
    },
    {
        "capital": "Bamako",
        "region": "Africa",
        "borders": [
            "DZA",
            "BFA",
            "GIN",
            "CIV",
            "MRT",
            "NER",
            "SEN"
        ]
    },
    {
        "capital": "Valletta",
        "region": "Europe",
        "borders": []
    },
    {
        "capital": "Majuro",
        "region": "Oceania",
        "borders": []
    },
    {
        "capital": "Fort-de-France",
        "region": "Americas",
        "borders": []
    },
    {
        "capital": "Nouakchott",
        "region": "Africa",
        "borders": [
            "DZA",
            "MLI",
            "SEN",
            "ESH"
        ]
    },
    {
        "capital": "Port Louis",
        "region": "Africa",
        "borders": []
    },
    {
        "capital": "Mamoudzou",
        "region": "Africa",
        "borders": []
    },
    {
        "capital": "Mexico City",
        "region": "Americas",
        "borders": [
            "BLZ",
            "GTM",
            "USA"
        ]
    },
    {
        "capital": "Palikir",
        "region": "Oceania",
        "borders": []
    },
    {
        "capital": "Chișinău",
        "region": "Europe",
        "borders": [
            "ROU",
            "UKR"
        ]
    },
    {
        "capital": "Monaco",
        "region": "Europe",
        "borders": [
            "FRA"
        ]
    },
    {
        "capital": "Ulan Bator",
        "region": "Asia",
        "borders": [
            "CHN",
            "RUS"
        ]
    },
    {
        "capital": "Podgorica",
        "region": "Europe",
        "borders": [
            "ALB",
            "BIH",
            "HRV",
            "KOS",
            "SRB"
        ]
    },
    {
        "capital": "Plymouth",
        "region": "Americas",
        "borders": []
    },
    {
        "capital": "Rabat",
        "region": "Africa",
        "borders": [
            "DZA",
            "ESH",
            "ESP"
        ]
    },
    {
        "capital": "Maputo",
        "region": "Africa",
        "borders": [
            "MWI",
            "ZAF",
            "SWZ",
            "TZA",
            "ZMB",
            "ZWE"
        ]
    },
    {
        "capital": "Naypyidaw",
        "region": "Asia",
        "borders": [
            "BGD",
            "CHN",
            "IND",
            "LAO",
            "THA"
        ]
    },
    {
        "capital": "Windhoek",
        "region": "Africa",
        "borders": [
            "AGO",
            "BWA",
            "ZAF",
            "ZMB"
        ]
    },
    {
        "capital": "Yaren",
        "region": "Oceania",
        "borders": []
    },
    {
        "capital": "Kathmandu",
        "region": "Asia",
        "borders": [
            "CHN",
            "IND"
        ]
    },
    {
        "capital": "Amsterdam",
        "region": "Europe",
        "borders": [
            "BEL",
            "DEU"
        ]
    },
    {
        "capital": "Nouméa",
        "region": "Oceania",
        "borders": []
    },
    {
        "capital": "Wellington",
        "region": "Oceania",
        "borders": []
    },
    {
        "capital": "Managua",
        "region": "Americas",
        "borders": [
            "CRI",
            "HND"
        ]
    },
    {
        "capital": "Niamey",
        "region": "Africa",
        "borders": [
            "DZA",
            "BEN",
            "BFA",
            "TCD",
            "LBY",
            "MLI",
            "NGA"
        ]
    },
    {
        "capital": "Abuja",
        "region": "Africa",
        "borders": [
            "BEN",
            "CMR",
            "TCD",
            "NER"
        ]
    },
    {
        "capital": "Alofi",
        "region": "Oceania",
        "borders": []
    },
    {
        "capital": "Kingston",
        "region": "Oceania",
        "borders": []
    },
    {
        "capital": "Pyongyang",
        "region": "Asia",
        "borders": [
            "CHN",
            "KOR",
            "RUS"
        ]
    },
    {
        "capital": "Saipan",
        "region": "Oceania",
        "borders": []
    },
    {
        "capital": "Oslo",
        "region": "Europe",
        "borders": [
            "FIN",
            "SWE",
            "RUS"
        ]
    },
    {
        "capital": "Muscat",
        "region": "Asia",
        "borders": [
            "SAU",
            "ARE",
            "YEM"
        ]
    },
    {
        "capital": "Islamabad",
        "region": "Asia",
        "borders": [
            "AFG",
            "CHN",
            "IND",
            "IRN"
        ]
    },
    {
        "capital": "Ngerulmud",
        "region": "Oceania",
        "borders": []
    },
    {
        "capital": "Ramallah",
        "region": "Asia",
        "borders": [
            "ISR",
            "EGY",
            "JOR"
        ]
    },
    {
        "capital": "Panama City",
        "region": "Americas",
        "borders": [
            "COL",
            "CRI"
        ]
    },
    {
        "capital": "Port Moresby",
        "region": "Oceania",
        "borders": [
            "IDN"
        ]
    },
    {
        "capital": "Asunción",
        "region": "Americas",
        "borders": [
            "ARG",
            "BOL",
            "BRA"
        ]
    },
    {
        "capital": "Lima",
        "region": "Americas",
        "borders": [
            "BOL",
            "BRA",
            "CHL",
            "COL",
            "ECU"
        ]
    },
    {
        "capital": "Manila",
        "region": "Asia",
        "borders": []
    },
    {
        "capital": "Adamstown",
        "region": "Oceania",
        "borders": []
    },
    {
        "capital": "Warsaw",
        "region": "Europe",
        "borders": [
            "BLR",
            "CZE",
            "DEU",
            "LTU",
            "RUS",
            "SVK",
            "UKR"
        ]
    },
    {
        "capital": "Lisbon",
        "region": "Europe",
        "borders": [
            "ESP"
        ]
    },
    {
        "capital": "San Juan",
        "region": "Americas",
        "borders": []
    },
    {
        "capital": "Doha",
        "region": "Asia",
        "borders": [
            "SAU"
        ]
    },
    {
        "capital": "Pristina",
        "region": "Europe",
        "borders": [
            "ALB",
            "MKD",
            "MNE",
            "SRB"
        ]
    },
    {
        "capital": "Saint-Denis",
        "region": "Africa",
        "borders": []
    },
    {
        "capital": "Bucharest",
        "region": "Europe",
        "borders": [
            "BGR",
            "HUN",
            "MDA",
            "SRB",
            "UKR"
        ]
    },
    {
        "capital": "Moscow",
        "region": "Europe",
        "borders": [
            "AZE",
            "BLR",
            "CHN",
            "EST",
            "FIN",
            "GEO",
            "KAZ",
            "PRK",
            "LVA",
            "LTU",
            "MNG",
            "NOR",
            "POL",
            "UKR"
        ]
    },
    {
        "capital": "Kigali",
        "region": "Africa",
        "borders": [
            "BDI",
            "COD",
            "TZA",
            "UGA"
        ]
    },
    {
        "capital": "Gustavia",
        "region": "Americas",
        "borders": []
    },
    {
        "capital": "Jamestown",
        "region": "Africa",
        "borders": []
    },
    {
        "capital": "Basseterre",
        "region": "Americas",
        "borders": []
    },
    {
        "capital": "Castries",
        "region": "Americas",
        "borders": []
    },
    {
        "capital": "Marigot",
        "region": "Americas",
        "borders": [
            "SXM",
            "NLD"
        ]
    },
    {
        "capital": "Saint-Pierre",
        "region": "Americas",
        "borders": []
    },
    {
        "capital": "Kingstown",
        "region": "Americas",
        "borders": []
    },
    {
        "capital": "Apia",
        "region": "Oceania",
        "borders": []
    },
    {
        "capital": "City of San Marino",
        "region": "Europe",
        "borders": [
            "ITA"
        ]
    },
    {
        "capital": "São Tomé",
        "region": "Africa",
        "borders": []
    },
    {
        "capital": "Riyadh",
        "region": "Asia",
        "borders": [
            "IRQ",
            "JOR",
            "KWT",
            "OMN",
            "QAT",
            "ARE",
            "YEM"
        ]
    },
    {
        "capital": "Dakar",
        "region": "Africa",
        "borders": [
            "GMB",
            "GIN",
            "GNB",
            "MLI",
            "MRT"
        ]
    },
    {
        "capital": "Belgrade",
        "region": "Europe",
        "borders": [
            "BIH",
            "BGR",
            "HRV",
            "HUN",
            "KOS",
            "MKD",
            "MNE",
            "ROU"
        ]
    },
    {
        "capital": "Victoria",
        "region": "Africa",
        "borders": []
    },
    {
        "capital": "Freetown",
        "region": "Africa",
        "borders": [
            "GIN",
            "LBR"
        ]
    },
    {
        "capital": "Singapore",
        "region": "Asia",
        "borders": []
    },
    {
        "capital": "Philipsburg",
        "region": "Americas",
        "borders": [
            "MAF"
        ]
    },
    {
        "capital": "Bratislava",
        "region": "Europe",
        "borders": [
            "AUT",
            "CZE",
            "HUN",
            "POL",
            "UKR"
        ]
    },
    {
        "capital": "Ljubljana",
        "region": "Europe",
        "borders": [
            "AUT",
            "HRV",
            "ITA",
            "HUN"
        ]
    },
    {
        "capital": "Honiara",
        "region": "Oceania",
        "borders": []
    },
    {
        "capital": "Mogadishu",
        "region": "Africa",
        "borders": [
            "DJI",
            "ETH",
            "KEN"
        ]
    },
    {
        "capital": "Pretoria",
        "region": "Africa",
        "borders": [
            "BWA",
            "LSO",
            "MOZ",
            "NAM",
            "SWZ",
            "ZWE"
        ]
    },
    {
        "capital": "King Edward Point",
        "region": "Americas",
        "borders": []
    },
    {
        "capital": "Seoul",
        "region": "Asia",
        "borders": [
            "PRK"
        ]
    },
    {
        "capital": "Juba",
        "region": "Africa",
        "borders": [
            "CAF",
            "COD",
            "ETH",
            "KEN",
            "SDN",
            "UGA"
        ]
    },
    {
        "capital": "Madrid",
        "region": "Europe",
        "borders": [
            "AND",
            "FRA",
            "GIB",
            "PRT",
            "MAR"
        ]
    },
    {
        "capital": "Colombo",
        "region": "Asia",
        "borders": [
            "IND"
        ]
    },
    {
        "capital": "Khartoum",
        "region": "Africa",
        "borders": [
            "CAF",
            "TCD",
            "EGY",
            "ERI",
            "ETH",
            "LBY",
            "SSD"
        ]
    },
    {
        "capital": "Paramaribo",
        "region": "Americas",
        "borders": [
            "BRA",
            "GUF",
            "FRA",
            "GUY"
        ]
    },
    {
        "capital": "Longyearbyen",
        "region": "Europe",
        "borders": []
    },
    {
        "capital": "Lobamba",
        "region": "Africa",
        "borders": [
            "MOZ",
            "ZAF"
        ]
    },
    {
        "capital": "Stockholm",
        "region": "Europe",
        "borders": [
            "FIN",
            "NOR"
        ]
    },
    {
        "capital": "Bern",
        "region": "Europe",
        "borders": [
            "AUT",
            "FRA",
            "ITA",
            "LIE",
            "DEU"
        ]
    },
    {
        "capital": "Damascus",
        "region": "Asia",
        "borders": [
            "IRQ",
            "ISR",
            "JOR",
            "LBN",
            "TUR"
        ]
    },
    {
        "capital": "Taipei",
        "region": "Asia",
        "borders": []
    },
    {
        "capital": "Dushanbe",
        "region": "Asia",
        "borders": [
            "AFG",
            "CHN",
            "KGZ",
            "UZB"
        ]
    },
    {
        "capital": "Dodoma",
        "region": "Africa",
        "borders": [
            "BDI",
            "COD",
            "KEN",
            "MWI",
            "MOZ",
            "RWA",
            "UGA",
            "ZMB"
        ]
    },
    {
        "capital": "Bangkok",
        "region": "Asia",
        "borders": [
            "MMR",
            "KHM",
            "LAO",
            "MYS"
        ]
    },
    {
        "capital": "Dili",
        "region": "Asia",
        "borders": [
            "IDN"
        ]
    },
    {
        "capital": "Lomé",
        "region": "Africa",
        "borders": [
            "BEN",
            "BFA",
            "GHA"
        ]
    },
    {
        "capital": "Fakaofo",
        "region": "Oceania",
        "borders": []
    },
    {
        "capital": "Nuku'alofa",
        "region": "Oceania",
        "borders": []
    },
    {
        "capital": "Port of Spain",
        "region": "Americas",
        "borders": []
    },
    {
        "capital": "Tunis",
        "region": "Africa",
        "borders": [
            "DZA",
            "LBY"
        ]
    },
    {
        "capital": "Ankara",
        "region": "Asia",
        "borders": [
            "ARM",
            "AZE",
            "BGR",
            "GEO",
            "GRC",
            "IRN",
            "IRQ",
            "SYR"
        ]
    },
    {
        "capital": "Ashgabat",
        "region": "Asia",
        "borders": [
            "AFG",
            "IRN",
            "KAZ",
            "UZB"
        ]
    },
    {
        "capital": "Cockburn Town",
        "region": "Americas",
        "borders": []
    },
    {
        "capital": "Funafuti",
        "region": "Oceania",
        "borders": []
    },
    {
        "capital": "Kampala",
        "region": "Africa",
        "borders": [
            "COD",
            "KEN",
            "RWA",
            "SSD",
            "TZA"
        ]
    },
    {
        "capital": "Kiev",
        "region": "Europe",
        "borders": [
            "BLR",
            "HUN",
            "MDA",
            "POL",
            "ROU",
            "RUS",
            "SVK"
        ]
    },
    {
        "capital": "Abu Dhabi",
        "region": "Asia",
        "borders": [
            "OMN",
            "SAU"
        ]
    },
    {
        "capital": "London",
        "region": "Europe",
        "borders": [
            "IRL"
        ]
    },
    {
        "capital": "Washington, D.C.",
        "region": "Americas",
        "borders": [
            "CAN",
            "MEX"
        ]
    },
    {
        "capital": "Montevideo",
        "region": "Americas",
        "borders": [
            "ARG",
            "BRA"
        ]
    },
    {
        "capital": "Tashkent",
        "region": "Asia",
        "borders": [
            "AFG",
            "KAZ",
            "KGZ",
            "TJK",
            "TKM"
        ]
    },
    {
        "capital": "Port Vila",
        "region": "Oceania",
        "borders": []
    },
    {
        "capital": "Caracas",
        "region": "Americas",
        "borders": [
            "BRA",
            "COL",
            "GUY"
        ]
    },
    {
        "capital": "Hanoi",
        "region": "Asia",
        "borders": [
            "KHM",
            "CHN",
            "LAO"
        ]
    },
    {
        "capital": "Mata-Utu",
        "region": "Oceania",
        "borders": []
    },
    {
        "capital": "El Aaiún",
        "region": "Africa",
        "borders": [
            "DZA",
            "MRT",
            "MAR"
        ]
    },
    {
        "capital": "Sana'a",
        "region": "Asia",
        "borders": [
            "OMN",
            "SAU"
        ]
    },
    {
        "capital": "Lusaka",
        "region": "Africa",
        "borders": [
            "AGO",
            "BWA",
            "COD",
            "MWI",
            "MOZ",
            "NAM",
            "TZA",
            "ZWE"
        ]
    },
    {
        "capital": "Harare",
        "region": "Africa",
        "borders": [
            "BWA",
            "MOZ",
            "ZAF",
            "ZMB"
        ]
    }
]