[
    {
        "name": "Venezuela (Bolivarian Republic of)",
        "topLevelDomain": [
            ".ve"
        ],
        "alpha2Code": "VE",
        "alpha3Code": "VEN",
        "callingCodes": [
            "58"
        ],
        "capital": "Caracas",
        "altSpellings": [
            "VE",
            "Bolivarian Republic of Venezuela",
            "República Bolivariana de Venezuela"
        ],
        "region": "Americas",
        "subregion": "South America",
        "population": 31028700,
        "latlng": [
            8.0,
            -66.0
        ],
        "demonym": "Venezuelan",
        "area": 916445.0,
        "gini": 44.8,
        "timezones": [
            "UTC-04:00"
        ],
        "borders": [
            "BRA",
            "COL",
            "GUY"
        ],
        "nativeName": "Venezuela",
        "numericCode": "862",
        "currencies": [
            {
                "code": "VEF",
                "name": "Venezuelan bolívar",
                "symbol": "Bs F"
            }
        ],
        "languages": [
            {
                "iso639_1": "es",
                "iso639_2": "spa",
                "name": "Spanish",
                "nativeName": "Español"
            }
        ],
        "translations": {
            "de": "Venezuela",
            "es": "Venezuela",
            "fr": "Venezuela",
            "ja": "ベネズエラ・ボリバル共和国",
            "it": "Venezuela",
            "br": "Venezuela",
            "pt": "Venezuela",
            "nl": "Venezuela",
            "hr": "Venezuela",
            "fa": "ونزوئلا"
        },
        "flag": "https://restcountries.eu/data/ven.svg",
        "regionalBlocs": [
            {
                "acronym": "USAN",
                "name": "Union of South American Nations",
                "otherAcronyms": [
                    "UNASUR",
                    "UNASUL",
                    "UZAN"
                ],
                "otherNames": [
                    "Unión de Naciones Suramericanas",
                    "União de Nações Sul-Americanas",
                    "Unie van Zuid-Amerikaanse Naties",
                    "South American Union"
                ]
            }
        ],
        "cioc": "VEN"
    }
]