[
    {
        "name": "Venezuela (Bolivarian Republic of)",
        "topLevelDomain": [
            ".ve"
        ],
        "alpha2Code": "VE",
        "alpha3Code": "VEN",
        "callingCodes": [
            "58"
        ],
        "capital": "Caracas",
        "altSpellings": [
            "VE",
            "Bolivarian Republic of Venezuela",
            "República Bolivariana de Venezuela"
        ],
        "region": "Americas",
        "subregion": "South America",
        "population": 31028700,
        "latlng": [
            8.0,
            -66.0
        ],
        "demonym": "Venezuelan",
        "area": 916445.0,
        "gini": 44.8,
        "timezones": [
            "UTC-04:00"
        ],
        "borders": [
            "BRA",
            "COL",
            "GUY"
        ],
        "nativeName": "Venezuela",
        "numericCode": "862",
        "currencies": [
            {
                "code": "VEF",
                "name": "Venezuelan bolívar",
                "symbol": "Bs F"
            }
        ],
        "languages": [
            {
                "iso639_1": "es",
                "iso639_2": "spa",
                "name": "Spanish",
                "nativeName": "Español"
            }
        ],
        "translations": {
            "de": "Venezuela",
            "es": "Venezuela",
            "fr": "Venezuela",
            "ja": "ベネズエラ・ボリバル共和国",
            "it": "Venezuela",
            "br": "Venezuela",
            "pt": "Venezuela",
            "nl": "Venezuela",
            "hr": "Venezuela",
            "fa": "ونزوئلا"
        },
        "flag": "https://restcountries.eu/data/ven.svg",
        "regionalBlocs": [
            {
                "acronym": "USAN",
                "name": "Union of South American Nations",
                "otherAcronyms": [
                    "UNASUR",
                    "UNASUL",
                    "UZAN"
                ],
                "otherNames": [
                    "Unión de Naciones Suramericanas",
                    "União de Nações Sul-Americanas",
                    "Unie van Zuid-Amerikaanse Naties",
                    "South American Union"
                ]
            }
        ],
        "cioc": "VEN"
    },
    {
        "name": "Argentina",
        "topLevelDomain": [
            ".ar"
        ],
        "alpha2Code": "AR",
        "alpha3Code": "ARG",
        "callingCodes": [
            "54"
        ],
        "capital": "Buenos Aires",
        "altSpellings": [
            "AR",
            "Argentine Republic",
            "República Argentina"
        ],
        "region": "Americas",
        "subregion": "South America",
        "population": 43590400,
        "latlng": [
            -34.0,
            -64.0
        ],
        "demonym": "Argentinean",
        "area": 2780400.0,
        "gini": 44.5,
        "timezones": [
            "UTC-03:00"
        ],
        "borders": [
            "BOL",
            "BRA",
            "CHL",
            "PRY",
            "URY"
        ],
        "nativeName": "Argentina",
        "numericCode": "032",
        "currencies": [
            {
                "code": "ARS",
                "name": "Argentine peso",
                "symbol": "$"
            }
        ],
        "languages": [
            {
                "iso639_1": "es",
                "iso639_2": "spa",
                "name": "Spanish",
                "nativeName": "Español"
            },
            {
                "iso639_1": "gn",
                "iso639_2": "grn",
                "name": "Guaraní",
                "nativeName": "Avañe'ẽ"
            }
        ],
        "translations": {
            "de": "Argentinien",
            "es": "Argentina",
            "fr": "Argentine",
            "ja": "アルゼンチン",
            "it": "Argentina",
            "br": "Argentina",
            "pt": "Argentina",
            "nl": "Argentinië",
            "hr": "Argentina",
            "fa": "آرژانتین"
        },
        "flag": "https://restcountries.eu/data/arg.svg",
        "regionalBlocs": [
            {
                "acronym": "USAN",
                "name": "Union of South American Nations",
                "otherAcronyms": [
                    "UNASUR",
                    "UNASUL",
                    "UZAN"
                ],
                "otherNames": [
                    "Unión de Naciones Suramericanas",
                    "União de Nações Sul-Americanas",
                    "Unie van Zuid-Amerikaanse Naties",
                    "South American Union"
                ]
            }
        ],
        "cioc": "ARG"
    },
    {
        "name": "Colombia",
        "topLevelDomain": [
            ".co"
        ],
        "alpha2Code": "CO",
        "alpha3Code": "COL",
        "callingCodes": [
            "57"
        ],
        "capital": "Bogotá",
        "altSpellings": [
            "CO",
            "Republic of Colombia",
            "República de Colombia"
        ],
        "region": "Americas",
        "subregion": "South America",
        "population": 48759958,
        "latlng": [
            4.0,
            -72.0
        ],
        "demonym": "Colombian",
        "area": 1141748.0,
        "gini": 55.9,
        "timezones": [
            "UTC-05:00"
        ],
        "borders": [
            "BRA",
            "ECU",
            "PAN",
            "PER",
            "VEN"
        ],
        "nativeName": "Colombia",
        "numericCode": "170",
        "currencies": [
            {
                "code": "COP",
                "name": "Colombian peso",
                "symbol": "$"
            }
        ],
        "languages": [
            {
                "iso639_1": "es",
                "iso639_2": "spa",
                "name": "Spanish",
                "nativeName": "Español"
            }
        ],
        "translations": {
            "de": "Kolumbien",
            "es": "Colombia",
            "fr": "Colombie",
            "ja": "コロンビア",
            "it": "Colombia",
            "br": "Colômbia",
            "pt": "Colômbia",
            "nl": "Colombia",
            "hr": "Kolumbija",
            "fa": "کلمبیا"
        },
        "flag": "https://restcountries.eu/data/col.svg",
        "regionalBlocs": [
            {
                "acronym": "PA",
                "name": "Pacific Alliance",
                "otherAcronyms": [],
                "otherNames": [
                    "Alianza del Pacífico"
                ]
            },
            {
                "acronym": "USAN",
                "name": "Union of South American Nations",
                "otherAcronyms": [
                    "UNASUR",
                    "UNASUL",
                    "UZAN"
                ],
                "otherNames": [
                    "Unión de Naciones Suramericanas",
                    "União de Nações Sul-Americanas",
                    "Unie van Zuid-Amerikaanse Naties",
                    "South American Union"
                ]
            }
        ],
        "cioc": "COL"
    }
]